{
    "metrics": {
        "http_req_sending": {
            "min": 0.006351,
            "med": 0.027711,
            "max": 4.491129,
            "p(90)": 0.039637399999999996,
            "p(95)": 0.04406099999999998,
            "avg": 0.030242610736885157
        },
        "vus_max": {
            "value": 50,
            "min": 50,
            "max": 50
        },
        "http_reqs": {
            "count": 14697,
            "rate": 61.1561159182683
        },
        "http_req_duration{expected_response:true}": {
            "p(95)": 3342.7082423499996,
            "avg": 1138.7795493812046,
            "min": 25.777255,
            "med": 365.4878165,
            "max": 5348.433025,
            "p(90)": 3207.95818
        },
        "http_req_waiting": {
            "p(95)": 3193.614958799999,
            "avg": 721.7510262352237,
            "min": 20.556965,
            "med": 126.183312,
            "max": 5348.298362,
            "p(90)": 2813.8512389999987
        },
        "http_req_failed": {
            "fails": 6532,
            "passes": 8165,
            "value": 0.5555555555555556
        },
        "hybrid_error_rate": {
            "passes": 0,
            "fails": 11431,
            "thresholds": {
                "rate<0.10": false
            },
            "value": 0
        },
        "http_req_connecting": {
            "max": 3.39889,
            "p(90)": 0.1112396,
            "p(95)": 0.13006819999999994,
            "avg": 0.08786610192556304,
            "min": 0.019788,
            "med": 0.077234
        },
        "hybrid_data_latency": {
            "avg": 388.30785966723784,
            "min": 20.700911,
            "med": 103.627719,
            "max": 3891.321197,
            "p(90)": 1344.9830038000002,
            "p(95)": 2295.2164813999984
        },
        "hybrid_report_latency": {
            "avg": 183.28916834568292,
            "min": 25.777255,
            "med": 114.1764995,
            "max": 2478.649169,
            "p(90)": 365.67114200000003,
            "p(95)": 580.22982625
        },
        "http_req_tls_handshaking": {
            "avg": 0,
            "min": 0,
            "med": 0,
            "max": 0,
            "p(90)": 0,
            "p(95)": 0
        },
        "http_req_receiving": {
            "min": 0.012482,
            "med": 0.065764,
            "max": 2.245309,
            "p(90)": 0.1011678,
            "p(95)": 0.10952,
            "avg": 0.06956402748860319
        },
        "iteration_duration": {
            "min": 384.513182,
            "med": 7140.820853,
            "max": 8995.417534,
            "p(90)": 7912.999518799999,
            "p(95)": 8140.104018,
            "avg": 6498.774251657078
        },
        "data_sent": {
            "rate": 22003.593509087008,
            "count": 5287890
        },
        "checks": {
            "fails": 0,
            "passes": 11431,
            "value": 1
        },
        "vus": {
            "value": 1,
            "min": 1,
            "max": 50
        },
        "http_req_duration": {
            "avg": 721.8508328734423,
            "min": 20.700911,
            "med": 126.26483,
            "max": 5348.433025,
            "p(90)": 2813.9792467999987,
            "p(95)": 3193.784779599999,
            "thresholds": {
                "p(95)<10000": false
            }
        },
        "data_received": {
            "count": 5200969,
            "rate": 21641.903997504247
        },
        "iterations": {
            "count": 1633,
            "rate": 6.795123990918699
        },
        "http_req_blocked": {
            "p(90)": 0.1663468,
            "p(95)": 0.18892739999999977,
            "avg": 0.13102499489691755,
            "min": 0.031827,
            "med": 0.117214,
            "max": 4.576601
        }
    },
    "root_group": {
        "checks": {
            "hybrid write <500": {
                "fails": 0,
                "name": "hybrid write <500",
                "path": "::hybrid write <500",
                "id": "5f78d538bd5124ca0c9ea53e6cdd33e6",
                "passes": 8165
            },
            "hybrid report <500": {
                "name": "hybrid report <500",
                "path": "::hybrid report <500",
                "id": "c45675491a7375bce434d77e3f0ac1d2",
                "passes": 3266,
                "fails": 0
            }
        },
        "name": "",
        "path": "",
        "id": "d41d8cd98f00b204e9800998ecf8427e",
        "groups": {}
    }
}