{
    "root_group": {
        "name": "",
        "path": "",
        "id": "d41d8cd98f00b204e9800998ecf8427e",
        "groups": {},
        "checks": {
                "hybrid write <500": {
                    "fails": 0,
                    "name": "hybrid write <500",
                    "path": "::hybrid write <500",
                    "id": "5f78d538bd5124ca0c9ea53e6cdd33e6",
                    "passes": 10910
                },
                "hybrid report <500": {
                    "name": "hybrid report <500",
                    "path": "::hybrid report <500",
                    "id": "c45675491a7375bce434d77e3f0ac1d2",
                    "passes": 4364,
                    "fails": 0
                }
            }
    },
    "metrics": {
        "http_req_receiving": {
            "avg": 0.0788574488237095,
            "min": 0.014063,
            "med": 0.070582,
            "max": 6.789557,
            "p(90)": 0.10816729999999997,
            "p(95)": 0.12026529999999999
        },
        "http_req_sending": {
            "avg": 0.03368225822385165,
            "min": 0.007716,
            "med": 0.029883,
            "max": 6.580077,
            "p(90)": 0.0427513,
            "p(95)": 0.04760954999999996
        },
        "iteration_duration": {
            "avg": 4870.083104149862,
            "min": 342.664355,
            "med": 4575.7318955,
            "max": 8492.277327,
            "p(90)": 7837.6778612,
            "p(95)": 8136.683031
        },
        "iterations": {
            "count": 2182,
            "rate": 9.09004794815938
        },
        "http_req_duration{expected_response:true}": {
            "p(90)": 1992.3334748999998,
            "p(95)": 2656.2269263999992,
            "avg": 790.0080706485116,
            "min": 29.407505,
            "med": 487.91134,
            "max": 3779.856732
        },
        "hybrid_report_latency": {
            "max": 2726.877745,
            "p(90)": 958.1338848000001,
            "p(95)": 1186.6932385499997,
            "avg": 432.76956515009164,
            "min": 29.407505,
            "med": 295.6043515
        },
        "http_req_connecting": {
            "avg": 0.10474069406253116,
            "min": 0.022357,
            "med": 0.08549,
            "max": 9.792575,
            "p(90)": 0.1259302,
            "p(95)": 0.17038235
        },
        "checks": {
            "passes": 15274,
            "fails": 0,
            "value": 1
        },
        "data_received": {
            "count": 6493389,
            "rate": 27050.970373992066
        },
        "http_req_tls_handshaking": {
            "p(95)": 0,
            "avg": 0,
            "min": 0,
            "med": 0,
            "max": 0,
            "p(90)": 0
        },
        "http_req_failed": {
            "passes": 12514,
            "fails": 7124,
            "value": 0.6372339342091863
        },
        "vus": {
            "max": 50,
            "value": 1,
            "min": 1
        },
        "http_req_duration": {
            "min": 19.901869,
            "med": 298.134271,
            "max": 3779.856732,
            "p(90)": 1353.7730470999993,
            "p(95)": 1946.410276299999,
            "avg": 540.8486880077935,
            "thresholds": {
                "p(95)<10000": false
            }
        },
        "vus_max": {
            "value": 50,
            "min": 50,
            "max": 50
        },
        "hybrid_data_latency": {
            "med": 185.04377,
            "max": 3476.066681,
            "p(90)": 871.8867812999999,
            "p(95)": 1299.9239956999998,
            "avg": 369.8534793758022,
            "min": 19.901869
        },
        "http_req_blocked": {
            "p(95)": 0.23529794999999978,
            "avg": 0.15270739637437628,
            "min": 0.036462,
            "med": 0.129057,
            "max": 9.847048,
            "p(90)": 0.18584279999999997
        },
        "hybrid_error_rate": {
            "passes": 0,
            "fails": 15274,
            "thresholds": {
                "rate<0.10": false
            },
            "value": 0
        },
        "data_sent": {
            "count": 7068007,
            "rate": 29444.785759819493
        },
        "http_req_waiting": {
            "max": 3779.752588,
            "p(90)": 1353.6821983999994,
            "p(95)": 1946.290844399999,
            "avg": 540.7361483007435,
            "min": 19.765553,
            "med": 297.99308499999995
        },
        "http_reqs": {
            "count": 19638,
            "rate": 81.81043153343442
        }
    }
}