{
    "metrics": {
        "http_req_failed": {
            "passes": 1,
            "fails": 0,
            "value": 1
        },
        "http_req_duration": {
            "avg": 23.230543,
            "min": 23.230543,
            "med": 23.230543,
            "max": 23.230543,
            "p(90)": 23.230543,
            "p(95)": 23.230543,
            "thresholds": {
                "p(95)<10000": false
            }
        },
        "http_req_tls_handshaking": {
            "max": 0,
            "p(90)": 0,
            "p(95)": 0,
            "avg": 0,
            "min": 0,
            "med": 0
        },
        "data_sent": {
            "count": 361,
            "rate": 7701.241329170255
        },
        "data_received": {
            "count": 279,
            "rate": 5951.928894289476
        },
        "http_req_receiving": {
            "med": 0.197477,
            "max": 0.197477,
            "p(90)": 0.197477,
            "p(95)": 0.197477,
            "avg": 0.197477,
            "min": 0.197477
        },
        "ms_error_rate": {
            "fails": 0,
            "passes": 0,
            "thresholds": {
                "rate<0.10": false
            },
            "value": 0
        },
        "http_req_blocked": {
            "avg": 0.297078,
            "min": 0.297078,
            "med": 0.297078,
            "max": 0.297078,
            "p(90)": 0.297078,
            "p(95)": 0.297078
        },
        "http_req_sending": {
            "med": 0.10175,
            "max": 0.10175,
            "p(90)": 0.10175,
            "p(95)": 0.10175,
            "avg": 0.10175,
            "min": 0.10175
        },
        "http_req_waiting": {
            "p(95)": 22.931316,
            "avg": 22.931316,
            "min": 22.931316,
            "med": 22.931316,
            "max": 22.931316,
            "p(90)": 22.931316
        },
        "http_reqs": {
            "count": 1,
            "rate": 21.33307847415583
        },
        "http_req_connecting": {
            "max": 0.112921,
            "p(90)": 0.112921,
            "p(95)": 0.112921,
            "avg": 0.112921,
            "min": 0.112921,
            "med": 0.112921
        }
    },
    "root_group": {
        "name": "",
        "path": "",
        "id": "d41d8cd98f00b204e9800998ecf8427e",
        "groups": {},
        "checks": {}
    }
}