{
    "metrics": {
        "iterations": {
            "count": 2301,
            "rate": 9.570815171432386
        },
        "vus_max": {
            "min": 50,
            "max": 50,
            "value": 50
        },
        "ms_data_latency": {
            "min": 21.95341,
            "med": 43.295542,
            "max": 238.220938,
            "p(90)": 86.36091820000001,
            "p(95)": 105.795884,
            "avg": 51.89132020738819
        },
        "http_req_connecting": {
            "p(90)": 0.1173184,
            "p(95)": 0.1300246,
            "avg": 0.09593854546332554,
            "min": 0.027283,
            "med": 0.091513,
            "max": 2.218403
        },
        "http_req_tls_handshaking": {
            "avg": 0,
            "min": 0,
            "med": 0,
            "max": 0,
            "p(90)": 0,
            "p(95)": 0
        },
        "http_reqs": {
            "count": 20709,
            "rate": 86.13733654289148
        },
        "http_req_duration{expected_response:true}": {
            "avg": 934.7828659024577,
            "min": 29.349637,
            "med": 81.135462,
            "max": 4579.793145,
            "p(90)": 3221.6061844,
            "p(95)": 3463.243329
        },
        "http_req_receiving": {
            "avg": 0.08596127205562822,
            "min": 0.014658,
            "med": 0.08674,
            "max": 2.682386,
            "p(90)": 0.11079880000000002,
            "p(95)": 0.11853939999999999
        },
        "vus": {
            "value": 1,
            "min": 1,
            "max": 50
        },
        "http_req_blocked": {
            "avg": 0.14488653488821268,
            "min": 0.041993,
            "med": 0.140859,
            "max": 2.276238,
            "p(90)": 0.1756242,
            "p(95)": 0.1889416
        },
        "data_sent": {
            "count": 7344903,
            "rate": 30550.503722337788
        },
        "iteration_duration": {
            "min": 398.246567,
            "med": 4436.172509,
            "max": 8319.835006,
            "p(90)": 7221.739901,
            "p(95)": 7436.350273,
            "avg": 4614.662961509344
        },
        "http_req_waiting": {
            "p(95)": 3085.6175065999983,
            "avg": 512.348258817907,
            "min": 21.773097,
            "med": 57.352931,
            "max": 4579.714008,
            "p(90)": 2408.3188942
        },
        "http_req_duration": {
            "avg": 512.4687253647695,
            "min": 21.95341,
            "med": 57.468415,
            "max": 4579.793145,
            "p(90)": 2408.4371206,
            "p(95)": 3085.7292755999983,
            "thresholds": {
                "p(95)<10000": false
            }
        },
        "ms_error_rate": {
            "passes": 0,
            "fails": 16107,
            "thresholds": {
                "rate<0.10": false
            },
            "value": 0
        },
        "http_req_failed": {
            "passes": 13184,
            "fails": 7525,
            "value": 0.6366314162924332
        },
        "ms_report_latency": {
            "avg": 63.53288739830501,
            "min": 29.349637,
            "med": 59.9185985,
            "max": 183.716145,
            "p(90)": 92.18478460000001,
            "p(95)": 103.76741764999997
        },
        "data_received": {
            "count": 6748937,
            "rate": 28071.633477027975
        },
        "http_req_sending": {
            "min": 0.008363,
            "med": 0.033707,
            "max": 1.245233,
            "p(90)": 0.04329,
            "p(95)": 0.0472296,
            "avg": 0.03450527480805458
        },
        "checks": {
            "passes": 16107,
            "fails": 0,
            "value": 1
        }
    },
    "root_group": {
        "id": "d41d8cd98f00b204e9800998ecf8427e",
        "groups": {},
        "checks": {
                "ms write <500": {
                    "id": "14cccfcb72e11aa2bdba8df6ce96ab17",
                    "passes": 11505,
                    "fails": 0,
                    "name": "ms write <500",
                    "path": "::ms write <500"
                },
                "ms report <500": {
                    "path": "::ms report <500",
                    "id": "95dcb790e881397c9dfa2083472aebc1",
                    "passes": 4602,
                    "fails": 0,
                    "name": "ms report <500"
                }
            },
        "name": "",
        "path": ""
    }
}