{
    "root_group": {
        "name": "",
        "path": "",
        "id": "d41d8cd98f00b204e9800998ecf8427e",
        "groups": {},
        "checks": {
                "ms write <500": {
                    "name": "ms write <500",
                    "path": "::ms write <500",
                    "id": "14cccfcb72e11aa2bdba8df6ce96ab17",
                    "passes": 8515,
                    "fails": 0
                },
                "ms report <500": {
                    "name": "ms report <500",
                    "path": "::ms report <500",
                    "id": "95dcb790e881397c9dfa2083472aebc1",
                    "passes": 3406,
                    "fails": 0
                }
            }
    },
    "metrics": {
        "http_req_receiving": {
            "p(95)": 0.1101678,
            "avg": 0.08320354700854739,
            "min": 0.022274,
            "med": 0.083734,
            "max": 0.868902,
            "p(90)": 0.1038584
        },
        "ms_data_latency": {
            "med": 31.402958,
            "max": 80.640202,
            "p(90)": 37.3328848,
            "p(95)": 38.42154169999999,
            "avg": 31.42569387692312,
            "min": 21.608285
        },
        "vus_max": {
            "value": 50,
            "min": 50,
            "max": 50
        },
        "http_req_duration": {
            "avg": 692.09198808234,
            "min": 21.608285,
            "med": 35.033159,
            "max": 5275.60306,
            "p(90)": 3337.019152,
            "p(95)": 3466.6342020999996,
            "thresholds": {
                "p(95)<10000": false
            }
        },
        "ms_error_rate": {
            "passes": 0,
            "fails": 11921,
            "thresholds": {
                "rate<0.10": false
            },
            "value": 0
        },
        "http_req_tls_handshaking": {
            "p(95)": 0,
            "avg": 0,
            "min": 0,
            "med": 0,
            "max": 0,
            "p(90)": 0
        },
        "http_req_connecting": {
            "avg": 0.0848216382201345,
            "min": 0.027451,
            "med": 0.082443,
            "max": 1.037449,
            "p(90)": 0.10797659999999999,
            "p(95)": 0.12367429999999999
        },
        "http_req_sending": {
            "avg": 0.03228683127813657,
            "min": 0.008916,
            "med": 0.031658,
            "max": 0.336534,
            "p(90)": 0.0406196,
            "p(95)": 0.04453409999999999
        },
        "http_reqs": {
            "count": 15327,
            "rate": 63.79190456176452
        },
        "http_req_blocked": {
            "max": 1.249928,
            "p(90)": 0.162728,
            "p(95)": 0.17654609999999996,
            "avg": 0.13085212748744043,
            "min": 0.043496,
            "med": 0.129057
        },
        "http_req_failed": {
            "passes": 8515,
            "fails": 6812,
            "value": 0.5555555555555556
        },
        "data_sent": {
            "rate": 22621.00808301809,
            "count": 5435050
        },
        "vus": {
            "value": 1,
            "min": 1,
            "max": 50
        },
        "http_req_duration{expected_response:true}": {
            "p(95)": 3584.7833179500003,
            "avg": 1517.924855839109,
            "min": 25.661909,
            "med": 76.54934899999999,
            "max": 5275.60306,
            "p(90)": 3485.2659814999997
        },
        "data_received": {
            "count": 5328773,
            "rate": 22178.67675652819
        },
        "iterations": {
            "count": 1703,
            "rate": 7.087989395751613
        },
        "http_req_waiting": {
            "avg": 691.97649770405,
            "min": 21.507149,
            "med": 34.918524,
            "max": 5275.475723,
            "p(90)": 3336.8933402000002,
            "p(95)": 3466.5456966
        },
        "checks": {
            "passes": 11921,
            "fails": 0,
            "value": 1
        },
        "iteration_duration": {
            "min": 433.048271,
            "med": 6872.853088,
            "max": 8755.328159,
            "p(90)": 7397.7972934,
            "p(95)": 7546.288758699999,
            "avg": 6231.0883049172
        },
        "ms_report_latency": {
            "avg": 37.03580184057554,
            "min": 25.661909,
            "med": 37.0538315,
            "max": 63.320547,
            "p(90)": 43.1953385,
            "p(95)": 44.94766325
        }
    }
}