{
    "metrics": {
        "http_req_waiting": {
            "med": 147.03468800000002,
            "max": 3318.647247,
            "p(90)": 1286.8685665000003,
            "p(95)": 1510.3420750000005,
            "avg": 505.2639902547766,
            "min": 0.730738
        },
        "http_req_receiving": {
            "avg": 0.04266075254253393,
            "min": 0.008268,
            "med": 0.0405365,
            "max": 1.733792,
            "p(90)": 0.0621079,
            "p(95)": 0.0667427
        },
        "http_req_duration{expected_response:true}": {
            "min": 4.754328,
            "med": 1059.6187340000001,
            "max": 3318.726361,
            "p(90)": 1629.6253771,
            "p(95)": 2436.1814927999994,
            "avg": 1101.547638910302
        },
        "checks": {
            "passes": 16366,
            "fails": 0,
            "value": 1
        },
        "mono_report_latency": {
            "p(95)": 1501.57766875,
            "avg": 956.2454633098774,
            "min": 4.754328,
            "med": 992.8510140000001,
            "max": 2021.971334,
            "p(90)": 1383.626965
        },
        "http_req_failed": {
            "passes": 13338,
            "fails": 7704,
            "value": 0.6338751069289992
        },
        "data_sent": {
            "count": 7520594,
            "rate": 31325.090913303575
        },
        "iterations": {
            "count": 2338,
            "rate": 9.738334838352364
        },
        "http_req_duration": {
            "min": 0.768233,
            "med": 147.083193,
            "max": 3318.726361,
            "p(90)": 1286.903083,
            "p(95)": 1510.4196279000005,
            "avg": 505.3199097874271,
            "thresholds": {
                "p(95)<10000": false
            }
        },
        "mono_error_rate": {
            "passes": 0,
            "fails": 16366,
            "thresholds": {
                "rate<0.10": false
            },
            "value": 0
        },
        "mono_data_latency": {
            "p(90)": 150.6859252,
            "p(95)": 212.89998744999994,
            "avg": 61.397973057827095,
            "min": 0.866982,
            "med": 15.727201999999998,
            "max": 498.793681
        },
        "data_received": {
            "count": 7601164,
            "rate": 31660.684428242006
        },
        "http_reqs": {
            "count": 21042,
            "rate": 87.64501354517128
        },
        "vus_max": {
            "value": 50,
            "min": 50,
            "max": 50
        },
        "http_req_sending": {
            "avg": 0.013258780106453736,
            "min": 0.002499,
            "med": 0.012309500000000001,
            "max": 2.353087,
            "p(90)": 0.0188739,
            "p(95)": 0.020868
        },
        "vus": {
            "value": 1,
            "min": 1,
            "max": 50
        },
        "http_req_blocked": {
            "med": 0.003029,
            "max": 0.228804,
            "p(90)": 0.004607,
            "p(95)": 0.005129850000000002,
            "avg": 0.0035679797547761645,
            "min": 0.000598
        },
        "iteration_duration": {
            "min": 100.404334,
            "med": 4261.5450935,
            "max": 7816.309604,
            "p(90)": 6999.441195500003,
            "p(95)": 7325.66498505,
            "avg": 4548.8606558024
        },
        "http_req_tls_handshaking": {
            "p(95)": 0,
            "avg": 0,
            "min": 0,
            "med": 0,
            "max": 0,
            "p(90)": 0
        },
        "http_req_connecting": {
            "p(90)": 0,
            "p(95)": 0,
            "avg": 0.00022650261381997906,
            "min": 0,
            "med": 0,
            "max": 0.143933
        }
    },
    "root_group": {
        "id": "d41d8cd98f00b204e9800998ecf8427e",
        "groups": {},
        "checks": {
                "mono write <500": {
                    "id": "a080912a4ce575081431dd805770c098",
                    "passes": 11690,
                    "fails": 0,
                    "name": "mono write <500",
                    "path": "::mono write <500"
                },
                "mono report <500": {
                    "name": "mono report <500",
                    "path": "::mono report <500",
                    "id": "7a8e80081c5855ee3ea501f4b8d0e964",
                    "passes": 4676,
                    "fails": 0
                }
            },
        "name": "",
        "path": ""
    }
}