{
    "root_group": {
        "name": "",
        "path": "",
        "id": "d41d8cd98f00b204e9800998ecf8427e",
        "groups": {},
        "checks": {
                "mono write <500": {
                    "id": "a080912a4ce575081431dd805770c098",
                    "passes": 8280,
                    "fails": 0,
                    "name": "mono write <500",
                    "path": "::mono write <500"
                },
                "mono report <500": {
                    "passes": 3312,
                    "fails": 0,
                    "name": "mono report <500",
                    "path": "::mono report <500",
                    "id": "7a8e80081c5855ee3ea501f4b8d0e964"
                }
            }
    },
    "metrics": {
        "http_req_blocked": {
            "avg": 0.0035365601851851582,
            "min": 0.000593,
            "med": 0.002846,
            "max": 0.213065,
            "p(90)": 0.004514,
            "p(95)": 0.005056
        },
        "http_req_sending": {
            "avg": 0.012417599637681185,
            "min": 0.002716,
            "med": 0.011607,
            "max": 0.221313,
            "p(90)": 0.018682100000000004,
            "p(95)": 0.020833849999999998
        },
        "http_req_connecting": {
            "min": 0,
            "med": 0,
            "max": 0.151443,
            "p(90)": 0,
            "p(95)": 0,
            "avg": 0.00030616458668813746
        },
        "iteration_duration": {
            "max": 7755.473212,
            "p(90)": 7406.482477,
            "p(95)": 7469.94725675,
            "avg": 6407.612568869568,
            "min": 158.467701,
            "med": 7177.0824864999995
        },
        "mono_data_latency": {
            "med": 73.777248,
            "max": 602.233491,
            "p(90)": 209.4789532,
            "p(95)": 269.2586750499999,
            "avg": 90.50303379287456,
            "min": 0.893692
        },
        "data_received": {
            "count": 5701003,
            "rate": 23751.8667670601
        },
        "vus": {
            "value": 1,
            "min": 1,
            "max": 50
        },
        "mono_error_rate": {
            "passes": 0,
            "fails": 11592,
            "thresholds": {
                "rate<0.10": false
            },
            "value": 0
        },
        "http_req_waiting": {
            "min": 0.832367,
            "med": 205.2226805,
            "max": 3508.079061,
            "p(90)": 1877.7179373000004,
            "p(95)": 2637.9080616999972,
            "avg": 711.7976942314172
        },
        "data_sent": {
            "count": 5325471,
            "rate": 22187.302420967382
        },
        "iterations": {
            "rate": 6.899328305256377,
            "count": 1656
        },
        "http_reqs": {
            "count": 14904,
            "rate": 62.09395474730739
        },
        "http_req_tls_handshaking": {
            "p(90)": 0,
            "p(95)": 0,
            "avg": 0,
            "min": 0,
            "med": 0,
            "max": 0
        },
        "mono_report_latency": {
            "p(90)": 1642.2463934,
            "p(95)": 1729.8338695999998,
            "avg": 1134.5841171980653,
            "min": 2.378265,
            "med": 1177.2654635,
            "max": 1971.502733
        },
        "http_req_duration{expected_response:true}": {
            "avg": 1488.5376997368664,
            "min": 2.378265,
            "med": 1387.2492155,
            "max": 3508.168378,
            "p(90)": 2682.5603489,
            "p(95)": 2855.550345
        },
        "vus_max": {
            "value": 50,
            "min": 50,
            "max": 50
        },
        "checks": {
            "passes": 11592,
            "fails": 0,
            "value": 1
        },
        "http_req_duration": {
            "med": 205.2657645,
            "max": 3508.168378,
            "p(90)": 1877.7760733000005,
            "p(95)": 2637.985885749997,
            "avg": 711.8517742124271,
            "min": 0.893692,
            "thresholds": {
                "p(95)<10000": false
            }
        },
        "http_req_failed": {
            "passes": 8280,
            "fails": 6624,
            "value": 0.5555555555555556
        },
        "http_req_receiving": {
            "p(90)": 0.062989,
            "p(95)": 0.06823225,
            "avg": 0.04166238137412771,
            "min": 0.008844,
            "med": 0.039174,
            "max": 1.031696
        }
    }
}