{
    "metrics": {
        "mono_report_latency": {
            "med": 978.279853,
            "max": 1828.606621,
            "p(90)": 1383.1169294000001,
            "p(95)": 1475.1098678,
            "avg": 952.3349072438566,
            "min": 10.985736
        },
        "vus": {
            "value": 50,
            "min": 2,
            "max": 50
        },
        "vus_max": {
            "value": 50,
            "min": 50,
            "max": 50
        },
        "http_req_duration{expected_response:true}": {
            "avg": 970.4895240121757,
            "min": 10.985736,
            "med": 996.879573,
            "max": 1895.520055,
            "p(90)": 1417.125765,
            "p(95)": 1520.315238
        },
        "http_req_receiving": {
            "min": 0.009566,
            "med": 0.0483565,
            "max": 2.002069,
            "p(90)": 0.07036429999999999,
            "p(95)": 0.07544035,
            "avg": 0.05110428690353583
        },
        "iterations": {
            "count": 1275,
            "rate": 10.670386058863214
        },
        "mono_error_rate": {
            "passes": 0,
            "fails": 9049,
            "thresholds": {
                "rate<0.10": false
            },
            "value": 0
        },
        "http_req_sending": {
            "min": 0.002983,
            "med": 0.014781,
            "max": 1.973756,
            "p(90)": 0.0213848,
            "p(95)": 0.023518,
            "avg": 0.015678327154136702
        },
        "http_req_tls_handshaking": {
            "avg": 0,
            "min": 0,
            "med": 0,
            "max": 0,
            "p(90)": 0,
            "p(95)": 0
        },
        "http_req_failed": {
            "passes": 7791,
            "fails": 3861,
            "value": 0.6686405767250257
        },
        "data_sent": {
            "count": 4173672,
            "rate": 34929.16982201392
        },
        "http_reqs": {
            "count": 11652,
            "rate": 97.5147751826464
        },
        "checks": {
            "passes": 9049,
            "fails": 0,
            "value": 1
        },
        "http_req_blocked": {
            "p(90)": 0.0051179,
            "p(95)": 0.005651,
            "avg": 0.0044155024030209395,
            "min": 0.000642,
            "med": 0.003535,
            "max": 0.267431
        },
        "data_received": {
            "count": 4102614,
            "rate": 34334.49037686043
        },
        "iteration_duration": {
            "p(95)": 4841.7302859,
            "avg": 4021.3806540031374,
            "min": 126.828327,
            "med": 4424.478759,
            "max": 5186.947017,
            "p(90)": 4754.7652136
        },
        "http_req_duration": {
            "min": 0.882978,
            "med": 108.14658,
            "max": 1895.520055,
            "p(90)": 1213.548227,
            "p(95)": 1364.26707595,
            "avg": 446.33704311337004,
            "thresholds": {
                "p(95)<10000": false
            }
        },
        "http_req_connecting": {
            "avg": 0.0004570091829728802,
            "min": 0,
            "med": 0,
            "max": 0.157579,
            "p(90)": 0,
            "p(95)": 0
        },
        "http_req_waiting": {
            "max": 1895.458087,
            "p(90)": 1213.5150168,
            "p(95)": 1364.2193316,
            "avg": 446.27026049931345,
            "min": 0.832507,
            "med": 108.069379
        },
        "mono_data_latency": {
            "p(90)": 153.1481035,
            "p(95)": 174.33749025,
            "avg": 46.833360233117524,
            "min": 1.058274,
            "med": 9.123564,
            "max": 568.676809
        }
    },
    "root_group": {
        "name": "",
        "path": "",
        "id": "d41d8cd98f00b204e9800998ecf8427e",
        "groups": {},
        "checks": {
                "mono write <500": {
                    "id": "a080912a4ce575081431dd805770c098",
                    "passes": 6486,
                    "fails": 0,
                    "name": "mono write <500",
                    "path": "::mono write <500"
                },
                "mono report <500": {
                    "fails": 0,
                    "name": "mono report <500",
                    "path": "::mono report <500",
                    "id": "7a8e80081c5855ee3ea501f4b8d0e964",
                    "passes": 2563
                }
            }
    }
}