{
    "metrics": {
        "mono_report_latency": {
            "min": 10.18963,
            "med": 1136.2430715,
            "max": 2275.773777,
            "p(90)": 1435.0984844999998,
            "p(95)": 1536.895004,
            "avg": 1088.5587024694535
        },
        "mono_error_rate": {
            "passes": 0,
            "fails": 16156,
            "thresholds": {
                "rate<0.10": false
            },
            "value": 0
        },
        "iteration_duration": {
            "avg": 4596.156118504332,
            "min": 133.703242,
            "med": 4761.4677695,
            "max": 7971.628653,
            "p(90)": 5622.635866800002,
            "p(95)": 6068.50748595
        },
        "iterations": {
            "count": 2308,
            "rate": 9.612467185780412
        },
        "http_req_tls_handshaking": {
            "max": 0,
            "p(90)": 0,
            "p(95)": 0,
            "avg": 0,
            "min": 0,
            "med": 0
        },
        "checks": {
            "passes": 16156,
            "fails": 0,
            "value": 1
        },
        "data_sent": {
            "count": 7423996,
            "rate": 30919.80846506284
        },
        "http_reqs": {
            "rate": 86.51220467202371,
            "count": 20772
        },
        "http_req_sending": {
            "p(95)": 0.025894450000000003,
            "avg": 0.01815462892355084,
            "min": 0.002828,
            "med": 0.016483,
            "max": 4.991118,
            "p(90)": 0.023476900000000002
        },
        "http_req_blocked": {
            "avg": 0.004768060514153666,
            "min": 0.000678,
            "med": 0.0038685,
            "max": 3.107878,
            "p(90)": 0.005488900000000001,
            "p(95)": 0.005989
        },
        "data_received": {
            "count": 7348966,
            "rate": 30607.319984582293
        },
        "http_req_duration{expected_response:true}": {
            "avg": 1111.093813250496,
            "min": 10.18963,
            "med": 1145.037079,
            "max": 3202.415106,
            "p(90)": 1460.9131256,
            "p(95)": 1588.293821
        },
        "mono_data_latency": {
            "avg": 42.63002297045073,
            "min": 1.012121,
            "med": 8.9718905,
            "max": 654.666189,
            "p(90)": 113.96569250000002,
            "p(95)": 180.12577075
        },
        "http_req_receiving": {
            "max": 4.077626,
            "p(90)": 0.07788980000000001,
            "p(95)": 0.08438545,
            "avg": 0.06028935191604088,
            "min": 0.009423,
            "med": 0.0547225
        },
        "vus": {
            "value": 1,
            "min": 1,
            "max": 50
        },
        "http_req_connecting": {
            "med": 0,
            "max": 3.039259,
            "p(90)": 0,
            "p(95)": 0,
            "avg": 0.0004524757365684574,
            "min": 0
        },
        "http_req_failed": {
            "passes": 13730,
            "fails": 7042,
            "value": 0.6609859426150587
        },
        "http_req_waiting": {
            "min": 0.714969,
            "med": 106.6064075,
            "max": 3202.35444,
            "p(90)": 1305.3213784,
            "p(95)": 1424.4166665500002,
            "avg": 510.46209847920386
        },
        "vus_max": {
            "value": 50,
            "min": 50,
            "max": 50
        },
        "http_req_duration": {
            "avg": 510.54054246004216,
            "min": 0.747168,
            "med": 106.68770950000001,
            "max": 3202.415106,
            "p(90)": 1305.4033291,
            "p(95)": 1424.4938024,
            "thresholds": {
                "p(95)<10000": false
            }
        }
    },
    "root_group": {
        "groups": {},
        "checks": {
                "mono write <500": {
                    "path": "::mono write <500",
                    "id": "a080912a4ce575081431dd805770c098",
                    "passes": 11540,
                    "fails": 0,
                    "name": "mono write <500"
                },
                "mono report <500": {
                    "passes": 4616,
                    "fails": 0,
                    "name": "mono report <500",
                    "path": "::mono report <500",
                    "id": "7a8e80081c5855ee3ea501f4b8d0e964"
                }
            },
        "name": "",
        "path": "",
        "id": "d41d8cd98f00b204e9800998ecf8427e"
    }
}